Received At,V_STO,SoC
1678817964751,3.96880,1.00000
1678818324562,3.97580,0.99944
1678818445403,3.99150,0.99888
1678818504478,3.99680,0.99833
1678818564896,4.00440,0.99777
1678818751067,3.99540,0.99721
1678818804538,3.92460,0.99665
1678818924231,4.02010,0.99610
1678819104855,4.03570,0.99554
1678819293016,4.05520,0.99498
1678819429100,3.99940,0.99442
1678819492748,3.98370,0.99387
1678819533713,3.98640,0.99331
1678819593692,3.94650,0.99275
1678819653731,3.99890,0.99219
1678819713618,3.97550,0.99163
1678819773573,3.98700,0.99108
1678819833752,3.97130,0.99052
1678819893596,3.97130,0.98996
1678819953716,3.98450,0.98940
1678820013556,3.98670,0.98885
1678820073380,3.97250,0.98829
1678820133678,3.97250,0.98773
1678820193359,3.98290,0.98717
1678820253320,3.98290,0.98661
1678820313461,3.98630,0.98606
1678820373262,3.98520,0.98550
1678820433312,4.03040,0.98494
1678820493182,4.00210,0.98438
1678820553243,3.97250,0.98383
1678820613225,3.97090,0.98327
1678820673129,3.97970,0.98271
1678820733105,3.97190,0.98215
1678820793008,3.96220,0.98160
1678820853127,3.97270,0.98104
1678820913071,3.97770,0.98048
1678820972891,3.97770,0.97992
1678821032897,3.98290,0.97936
1678821092932,3.98820,0.97881
1678821152791,3.98820,0.97825
1678821212874,3.99570,0.97769
1678821272809,4.00050,0.97713
1678821332802,3.96390,0.97658
1678821392778,3.96390,0.97602
1678821452678,3.97430,0.97546
1678821512599,3.96130,0.97490
1678821572539,3.97700,0.97434
1678821632578,3.98970,0.97379
1678821692475,3.98180,0.97323
1678821752540,3.97650,0.97267
1678821812463,3.96610,0.97211
1678821872644,3.95650,0.97156
1678821932402,3.96690,0.97100
1678821992391,3.96130,0.97044
1678822052292,3.96500,0.96988
1678822112305,3.97290,0.96933
1678822172249,3.96530,0.96877
1678822232228,3.95230,0.96821
1678822292168,3.96000,0.96765
1678822352134,3.96000,0.96709
1678822412034,3.97640,0.96654
1678822472072,3.97640,0.96598
1678822532098,3.96030,0.96542
1678822592014,3.96800,0.96486
1678822651974,3.97070,0.96431
1678822711940,3.97070,0.96375
1678822771837,3.96290,0.96319
1678822831896,3.96630,0.96263
1678822891838,3.95310,0.96207
1678822951979,3.96100,0.96152
1678823012081,3.98020,0.96096
1678823071944,3.98820,0.96040
1678823131840,3.99140,0.95984
1678823191841,3.99140,0.95929
1678823251845,3.95680,0.95873
1678823311707,3.96470,0.95817
1678823371826,3.97270,0.95761
1678823431731,3.98750,0.95706
1678823491605,3.96640,0.95650
1678823551626,3.96640,0.95594
1678823611607,3.97430,0.95538
1678823671472,3.97160,0.95482
1678823731511,3.95840,0.95427
1678823791576,3.96630,0.95371
1678823851414,3.95610,0.95315
1678823911475,3.95870,0.95259
1678823971352,3.97290,0.95204
1678824031657,3.95210,0.95148
1678824091222,3.96350,0.95092
1678824151417,3.97540,0.95036
1678824211296,3.98060,0.94980
1678824271177,3.97540,0.94925
1678824331217,3.97270,0.94869
1678824391326,3.96220,0.94813
1678824451076,3.96750,0.94757
1678824511120,3.95790,0.94702
1678824570956,3.96260,0.94646
1678824630965,3.95990,0.94590
1678824691045,3.95730,0.94534
1678824750965,3.95730,0.94479
1678824811026,3.95730,0.94423
1678824870827,3.94680,0.94367
1678824930909,3.96350,0.94311
1678824990787,3.95570,0.94255
1678825050868,3.95310,0.94200
1678825110709,3.97060,0.94144
1678825170731,3.96530,0.94088
1678825230610,3.96530,0.94032
1678825290572,3.96530,0.93977
1678825350592,3.96260,0.93921
1678825410513,3.95610,0.93865
1678825470576,3.95710,0.93809
1678825530459,3.95190,0.93753
1678825590399,3.95370,0.93698
1678825650719,3.97170,0.93642
1678825710405,3.96390,0.93586
1678825770298,3.97330,0.93530
1678825830383,3.96800,0.93475
1678825890280,3.94890,0.93419
1678825950167,3.94620,0.93363
1678826010327,3.94620,0.93307
1678826070258,3.95410,0.93252
1678826130082,3.94770,0.93196
1678826190085,3.96510,0.93140
1678826250028,3.96110,0.93084
1678826309926,3.96370,0.93028
1678826369973,3.95580,0.92973
1678826429873,3.95580,0.92917
1678826489969,3.94620,0.92861
1678826549793,3.94620,0.92805
1678826609842,3.93990,0.92750
1678826669813,3.93830,0.92694
1678826729814,3.95910,0.92638
1678826789813,3.95910,0.92582
1678826849727,3.96180,0.92526
1678826910241,3.95390,0.92471
1678826969581,3.95910,0.92415
1678827029537,3.95910,0.92359
1678827089658,3.95130,0.92303
1678827149584,3.96260,0.92248
1678827209942,3.95630,0.92192
1678827269743,3.93910,0.92136
1678827329682,3.93590,0.92080
1678827389529,3.93590,0.92025
1678827449302,3.93940,0.91969
1678827509602,3.93420,0.91913
1678827564323,3.93420,0.91857
1678827624150,3.93420,0.91801
1678827684263,3.93810,0.91746
1678827744164,3.93030,0.91690
1678827804128,3.93070,0.91634
1678827864284,3.94670,0.91578
1678827924087,3.94670,0.91523
1678827984125,3.93810,0.91467
1678828043990,3.96230,0.91411
1678828103966,3.95510,0.91355
1678828164167,3.91810,0.91299
1678828224087,3.92330,0.91244
1678828283911,3.93100,0.91188
1678828343809,3.93260,0.91132
1678828403750,3.93550,0.91076
1678828463749,3.94330,0.91021
1678828523731,3.92750,0.90965
1678828583671,3.91170,0.90909
1678828643517,3.92200,0.90853
1678828703813,3.93640,0.90798
1678828763769,3.92340,0.90742
1678828823532,3.91720,0.90686
1678828883501,3.91460,0.90630
1678828943437,3.93930,0.90574
1678829003391,3.93770,0.90519
1678829063511,3.94290,0.90463
1678829123312,3.94290,0.90407
1678829183392,3.94290,0.90351
1678829243252,3.94290,0.90296
1678829303355,3.94290,0.90240
1678829363337,3.93360,0.90184
1678829423115,3.93360,0.90128
1678829483182,3.91530,0.90073
1678829543218,3.91530,0.90017
1678829603177,3.92330,0.89961
1678829663017,3.92330,0.89905
1678829723038,3.93070,0.89849
1678829782979,3.94360,0.89794
1678829842882,3.95150,0.89738
1678829902979,3.93590,0.89682
1678829962836,3.92170,0.89626
1678830022839,3.91390,0.89571
1678830082880,3.93450,0.89515
1678830142685,3.93450,0.89459
1678830202960,3.94140,0.89403
1678830262881,3.94140,0.89347
1678830322921,3.91820,0.89292
1678830382903,3.92340,0.89236
1678830442765,3.92780,0.89180
1678830502724,3.96120,0.89124
1678830562704,3.96120,0.89069
1678830622561,3.94290,0.89013
1678830682589,3.94130,0.88957
1678830742688,3.94650,0.88901
1678830802601,3.94910,0.88846
1678830862504,3.93650,0.88790
1678830922542,3.93360,0.88734
1678830982362,3.94140,0.88678
1678831042425,3.90630,0.88622
1678831102411,3.95150,0.88567
1678831162346,3.93840,0.88511
1678831222264,3.93590,0.88455
1678831282346,3.93590,0.88399
1678831342174,3.92810,0.88344
1678831402307,3.91270,0.88288
1678831462247,3.92450,0.88232
1678831522065,3.93870,0.88176
1678831581994,3.94910,0.88120
1678831642088,3.93590,0.88065
1678831701986,3.95260,0.88009
1678831761914,3.92400,0.87953
1678831821950,3.93700,0.87897
1678831881895,3.91880,0.87842
1678831941860,3.92660,0.87786
1678832001854,3.93700,0.87730
1678832061792,3.92140,0.87674
1678832121770,3.91070,0.87619
1678832181789,3.91390,0.87563
1678832241749,3.93200,0.87507
1678832301633,3.93840,0.87451
1678832361614,3.94000,0.87395
1678832421550,3.95310,0.87340
1678832481653,3.95310,0.87284
1678832541489,3.94260,0.87228
1678832601531,3.94000,0.87172
1678832661574,3.91980,0.87117
1678832721412,3.89060,0.87061
1678832781516,3.91890,0.87005
1678832841557,3.93080,0.86949
1678832901496,3.93840,0.86893
1678832961253,3.95420,0.86838
1678833021338,3.94710,0.86782
1678833081194,3.93500,0.86726
1678833141158,3.90820,0.86670
1678833201182,3.89790,0.86615
1678833261040,3.91180,0.86559
1678833321085,3.91180,0.86503
1678833381036,3.91430,0.86447
1678833440939,3.92800,0.86392
1678833501058,3.91270,0.86336
1678833561044,3.92560,0.86280
1678833621245,3.90730,0.86224
1678833680884,3.90730,0.86168
1678833741044,3.89830,0.86113
1678833800829,3.90610,0.86057
1678833860846,3.89570,0.86001
1678833920748,3.90890,0.85945
1678833980625,3.90600,0.85890
1678834040848,3.91690,0.85834
1678834100586,3.91430,0.85778
1678834160613,3.90140,0.85722
1678834220529,3.92210,0.85666
1678834280587,3.93060,0.85611
1678834340431,3.93060,0.85555
1678834400529,3.92660,0.85499
1678834460410,3.92660,0.85443
1678834520356,3.91390,0.85388
1678834580528,3.91390,0.85332
1678834640348,3.89030,0.85276
1678834700632,3.89540,0.85220
1678834760289,3.89290,0.85165
1678834820274,3.88260,0.85109
1678834880212,3.90970,0.85053
1678834940237,3.91690,0.84997
1678835000898,3.93060,0.84941
1678835060114,3.92400,0.84886
1678835120012,3.92170,0.84830
1678835180012,3.92170,0.84774
1678835239951,3.93980,0.84718
1678835300038,3.94770,0.84663
1678835359931,3.93300,0.84607
1678835419837,3.93040,0.84551
1678835479801,3.91340,0.84495
1678835539832,3.90820,0.84439
1678835599763,3.88290,0.84384
1678835659793,3.88290,0.84328
1678835719742,3.89670,0.84272
1678835779896,3.91030,0.84216
1678835839755,3.88960,0.84161
1678835899586,3.90310,0.84105
1678835959583,3.89540,0.84049
1678836019839,3.92050,0.83993
1678836079446,3.92580,0.83938
1678836139497,3.90410,0.83882
1678836199522,3.89000,0.83826
1678836259456,3.90540,0.83770
1678836319418,3.92900,0.83714
1678836379380,3.91180,0.83659
1678836439284,3.92740,0.83603
1678836499306,3.90370,0.83547
1678836559317,3.88070,0.83491
1678836619240,3.89610,0.83436
1678836679360,3.90990,0.83380
1678836739202,3.90730,0.83324
1678836799122,3.90030,0.83268
1678836859361,3.90600,0.83212
1678836919121,3.89570,0.83157
1678836979054,3.91760,0.83101
1678837038999,3.92020,0.83045
1678837098923,3.93840,0.82989
1678837158926,3.93520,0.82934
1678837218909,3.91430,0.82878
1678837278883,3.90950,0.82822
1678837338809,3.89250,0.82766
1678837398761,3.88130,0.82711
1678837459178,3.88420,0.82655
1678837518945,3.88420,0.82599
1678837578863,3.87840,0.82543
1678837638860,3.89640,0.82487
1678837698847,3.91390,0.82432
1678837758725,3.92910,0.82376
1678837818769,3.90980,0.82320
1678837878689,3.92940,0.82264
1678837938643,3.92050,0.82209
1678837998704,3.90760,0.82153
1678838058632,3.88420,0.82097
1678838118515,3.88680,0.82041
1678838178745,3.87910,0.81985
1678838238445,3.90740,0.81930
1678838293505,3.90100,0.81874
1678838353708,3.90090,0.81818
1678838413370,3.90410,0.81762
1678838473448,3.91770,0.81707
1678838533450,3.90990,0.81651
1678838593306,3.89220,0.81595
1678838653307,3.87720,0.81539
1678838713289,3.87970,0.81484
1678838773232,3.89520,0.81428
1678838833214,3.90290,0.81372
1678838893151,3.88740,0.81316
1678838953082,3.89290,0.81260
1678839013093,3.89800,0.81205
1678839073239,3.88000,0.81149
1678839133029,3.90320,0.81093
1678839192954,3.90320,0.81037
1678839313038,3.91490,0.80982
1678839372890,3.90350,0.80926
1678839432800,3.88800,0.80870
1678839492848,3.90280,0.80814
1678839552794,3.90440,0.80759
1678839612737,3.91630,0.80703
1678839672852,3.90340,0.80647
1678839732659,3.88580,0.80591
1678839792653,3.90380,0.80535
1678839852592,3.88320,0.80480
1678839912753,3.87430,0.80424
1678839972495,3.89610,0.80368
1678840032540,3.90670,0.80312
1678840092433,3.89890,0.80257
1678840152420,3.86690,0.80201
1678840212456,3.87200,0.80145
1678840272376,3.86430,0.80089
1678840332341,3.86940,0.80033
1678840392317,3.88770,0.79978
1678840452219,3.89290,0.79922
1678840512415,3.90320,0.79866
1678840572196,3.88680,0.79810
1678840632162,3.87400,0.79755
1678840692178,3.88770,0.79699
1678840752024,3.88260,0.79643
1678840811997,3.90320,0.79587
1678840872028,3.88260,0.79532
1678840932230,3.89540,0.79476
1678840991925,3.88160,0.79420
1678841051938,3.87650,0.79364
1678841111941,3.89480,0.79308
1678841171861,3.89900,0.79253
1678841231901,3.90680,0.79197
1678841291746,3.89130,0.79141
1678841351749,3.89940,0.79085
1678841411889,3.87620,0.79030
1678841471732,3.89860,0.78974
1678841531744,3.90890,0.78918
1678841591623,3.91410,0.78862
1678841651515,3.89350,0.78806
1678841711561,3.88230,0.78751
1678841771531,3.89520,0.78695
1678841831464,3.90030,0.78639
1678841891391,3.87970,0.78583
1678841951566,3.89350,0.78528
1678842011390,3.89510,0.78472
1678842071347,3.90030,0.78416
1678842131343,3.87750,0.78360
1678842191283,3.87750,0.78305
1678842251189,3.88740,0.78249
1678842311767,3.84860,0.78193
1678842371164,3.84860,0.78137
1678842431266,3.88230,0.78081
1678842491504,3.88200,0.78026
1678842551264,3.88420,0.77970
1678842611048,3.89540,0.77914
1678842671093,3.90450,0.77858
1678842730945,3.90450,0.77803
1678842790890,3.88520,0.77747
1678842851049,3.86980,0.77691
1678842910853,3.87240,0.77635
1678842970810,3.86470,0.77579
1678843030851,3.88520,0.77524
1678843090871,3.87710,0.77468
1678843150809,3.86020,0.77412
1678843210692,3.85770,0.77356
1678843270674,3.86780,0.77301
1678843330638,3.88200,0.77245
1678843390638,3.88200,0.77189
1678843450712,3.86430,0.77133
1678843510516,3.86780,0.77078
1678843570517,3.86020,0.77022
1678843630396,3.85540,0.76966
1678843690494,3.85570,0.76910
1678843750439,3.86330,0.76854
1678843810338,3.87650,0.76799
1678843870361,3.87650,0.76743
1678843930326,3.89520,0.76687
1678843990241,3.87720,0.76631
1678844050219,3.87520,0.76576
1678844110223,3.87010,0.76520
1678844170181,3.88490,0.76464
1678844230142,3.86400,0.76408
1678844290343,3.86400,0.76352
1678844350050,3.88870,0.76297
1678844405007,3.87080,0.76241
1678844464987,3.88360,0.76185
1678844524944,3.87430,0.76129
1678844585026,3.87740,0.76074
1678844644849,3.85190,0.76018
1678844765163,3.88640,0.75962
1678844824924,3.88900,0.75906
1678844884904,3.87910,0.75851
1678844944891,3.89960,0.75795
1678845004872,3.90480,0.75739
1678845064866,3.87490,0.75683
1678845124967,3.88520,0.75627
1678845184747,3.88520,0.75572
1678845244855,3.88000,0.75516
1678845304812,3.86750,0.75460
1678845364629,3.86590,0.75404
1678845424770,3.84450,0.75349
1678845484580,3.88480,0.75293
1678845544755,3.89940,0.75237
1678845604561,3.88130,0.75181
1678845664494,3.87010,0.75125
1678845724435,3.88290,0.75070
1678845784493,3.87010,0.75014
1678845844359,3.86880,0.74958
1678845904556,3.85760,0.74902
1678845964455,3.87030,0.74847
1678846024295,3.85500,0.74791
1678846084264,3.87590,0.74735
1678846144238,3.87590,0.74679
1678846204257,3.86820,0.74624
1678846264181,3.89130,0.74568
1678846324186,3.89770,0.74512
1678846384081,3.87200,0.74456
1678846444127,3.88230,0.74400
1678846504006,3.86970,0.74345
1678846564044,3.87880,0.74289
1678846624003,3.86020,0.74233
1678846683907,3.87810,0.74177
1678846743842,3.87810,0.74122
1678846803985,3.88200,0.74066
1678846863783,3.85890,0.74010
1678846923827,3.85780,0.73954
1678846983850,3.84120,0.73898
1678847043705,3.83870,0.73843
1678847103665,3.86720,0.73787
1678847163773,3.87740,0.73731
1678847223632,3.88260,0.73675
1678847285163,3.85570,0.73620
1678847343549,3.86590,0.73564
1678847403492,3.87360,0.73508
1678847463470,3.86330,0.73452
1678847523453,3.86530,0.73397
1678847583590,3.87040,0.73341
1678847643350,3.88640,0.73285
1678847703357,3.87940,0.73229
1678847763398,3.87940,0.73173
1678847823220,3.89220,0.73118
1678847883423,3.87580,0.73062
1678847943221,3.87330,0.73006
1678848003254,3.88620,0.72950
1678848063136,3.86940,0.72895
1678848123182,3.85780,0.72839
1678848183015,3.84510,0.72783
1678848243166,3.84030,0.72727
1678848303056,3.86070,0.72672
1678848363079,3.87080,0.72616
1678848423000,3.87720,0.72560
1678848483043,3.87520,0.72504
1678848542881,3.88130,0.72448
1678848602880,3.88810,0.72393
1678848662769,3.89220,0.72337
1678848722800,3.87430,0.72281
1678848782861,3.85730,0.72225
1678848842744,3.85690,0.72170
1678848902686,3.85020,0.72114
1678848962645,3.85780,0.72058
1678849022603,3.85780,0.72002
1678849082606,3.86360,0.71946
1678849142644,3.86870,0.71891
1678849202565,3.85600,0.71835
1678849262385,3.85340,0.71779
1678849322388,3.86360,0.71723
1678849382373,3.88580,0.71668
1678849442447,3.88320,0.71612
1678849502409,3.86490,0.71556
1678849562310,3.84900,0.71500
1678849622249,3.84640,0.71445
1678849682265,3.84900,0.71389
1678849742234,3.85410,0.71333
1678849802253,3.85020,0.71277
1678849862771,3.86650,0.71221
1678849922092,3.84610,0.71166
1678849981994,3.85120,0.71110
1678850042072,3.85120,0.71054
1678850102133,3.87170,0.70998
1678850161944,3.87420,0.70943
1678850222041,3.85410,0.70887
1678850281837,3.86430,0.70831
1678850341855,3.87580,0.70775
1678850401940,3.88100,0.70719
1678850462516,3.87040,0.70664
1678850522037,3.87300,0.70608
1678850581857,3.84570,0.70552
1678850641642,3.84020,0.70496
1678850701703,3.82650,0.70441
1678850761599,3.84430,0.70385
1678850821625,3.86200,0.70329
1678850881704,3.85690,0.70273
1678850941564,3.84160,0.70218
1678851001605,3.86590,0.70162
1678851061587,3.87360,0.70106
1678851121451,3.85530,0.70050
1678851181289,3.85070,0.69994
1678851241409,3.84060,0.69939
1678851301271,3.85460,0.69883
1678851361232,3.85090,0.69827
1678851421409,3.83810,0.69771
1678851481250,3.86410,0.69716
1678851541357,3.87170,0.69660
1678851601093,3.87170,0.69604
1678851661014,3.86660,0.69548
1678851721233,3.84860,0.69492
1678851781039,3.84860,0.69437
1678851840938,3.82150,0.69381
1678851900938,3.85250,0.69325
1678851961082,3.85600,0.69269
1678852021117,3.86780,0.69214
1678852081203,3.85620,0.69158
1678852140922,3.84860,0.69102
1678852201162,3.85340,0.69046
1678852260941,3.85660,0.68991
1678852320822,3.86680,0.68935
1678852380825,3.87200,0.68879
1678852440810,3.85300,0.68823
1678852500744,3.82790,0.68767
1678852560745,3.82540,0.68712
1678852620669,3.81740,0.68656
1678852680629,3.82080,0.68600
1678852740690,3.85380,0.68544
1678852800635,3.85630,0.68489
1678852860512,3.83640,0.68433
1678852920594,3.82880,0.68377
1678852980431,3.84660,0.68321
1678853040539,3.83690,0.68265
1678853100396,3.82420,0.68210
1678853160336,3.82100,0.68154
1678853220383,3.83740,0.68098
1678853280298,3.84500,0.68042
1678853315238,3.87100,0.67987
1678853375466,3.85570,0.67931
1678853435281,3.83450,0.67875
1678853495179,3.83710,0.67819
1678853555143,3.84980,0.67764
1678853615040,3.84220,0.67708
1678853675004,3.84700,0.67652
1678853735082,3.84860,0.67596
1678853795023,3.84090,0.67540
1678853854984,3.84450,0.67485
1678853914907,3.86110,0.67429
1678853974906,3.83130,0.67373
1678854034846,3.85060,0.67317
1678854094871,3.85060,0.67262
1678854154750,3.84250,0.67206
1678854214689,3.83580,0.67150
1678854274910,3.83580,0.67094
1678854334694,3.85140,0.67038
1678854394626,3.84860,0.66983
1678854454675,3.84830,0.66927
1678854514504,3.85340,0.66871
1678854574500,3.85340,0.66815
1678854634595,3.84740,0.66760
1678854694398,3.85570,0.66704
1678854754577,3.83960,0.66648
1678854814443,3.82580,0.66592
1678854874402,3.82580,0.66537
1678854934303,3.83680,0.66481
1678854994262,3.84700,0.66425
1678855054197,3.86040,0.66369
1678855114246,3.84110,0.66313
1678855174143,3.81530,0.66258
1678855234189,3.81530,0.66202
1678855294124,3.81530,0.66146
1678855354085,3.83290,0.66090
1678855414026,3.84890,0.66035
1678855473987,3.84280,0.65979
1678855533950,3.85050,0.65923
1678855593891,3.84030,0.65867
1678855654052,3.86080,0.65811
1678855713797,3.84290,0.65756
1678855773814,3.83520,0.65700
1678855833774,3.84790,0.65644
1678855893765,3.84790,0.65588
1678855953720,3.86080,0.65533
1678856013678,3.83060,0.65477
1678856073658,3.83830,0.65421
1678856133560,3.86210,0.65365
1678856193657,3.86210,0.65310
1678856253500,3.83520,0.65254
1678856313486,3.85050,0.65198
1678856373482,3.85920,0.65142
1678856433343,3.82950,0.65086
1678856493308,3.83960,0.65031
1678856553342,3.84980,0.64975
1678856613267,3.83960,0.64919
1678856673308,3.85490,0.64863
1678856733366,3.84730,0.64808
1678856793169,3.82170,0.64752
1678856853227,3.86200,0.64696
1678856913198,3.84410,0.64640
1678856973208,3.83910,0.64584
1678857033012,3.85410,0.64529
1678857093112,3.85660,0.64473
1678857152971,3.85920,0.64417
1678857212977,3.86040,0.64361
1678857273535,3.86290,0.64306
1678857332896,3.85780,0.64250
1678857392818,3.84770,0.64194
1678857452881,3.83290,0.64138
1678857512756,3.82540,0.64083
1678857572857,3.84120,0.64027
1678857632860,3.83870,0.63971
1678857692706,3.83670,0.63915
1678857752722,3.83420,0.63859
1678857812721,3.83670,0.63804
1678857872986,3.81940,0.63748
1678857932566,3.83460,0.63692
1678857992687,3.83490,0.63636
1678858052467,3.82730,0.63581
1678858112551,3.83740,0.63525
1678858172416,3.83040,0.63469
1678858232412,3.84400,0.63413
1678858292417,3.82450,0.63358
1678858352370,3.81280,0.63302
1678858412291,3.82030,0.63246
1678858472352,3.83350,0.63190
1678858532200,3.83600,0.63134
1678858592119,3.83600,0.63079
1678858652220,3.84450,0.63023
1678858712136,3.83850,0.62967
1678858772083,3.84450,0.62911
1678858832256,3.83510,0.62856
1678858891981,3.83260,0.62800
1678858951982,3.82030,0.62744
1678859011963,3.80780,0.62688
1678859071858,3.82290,0.62632
1678859131839,3.81280,0.62577
1678859252104,3.80050,0.62521
1678859311932,3.83160,0.62465
1678859371981,3.82650,0.62409
1678859431831,3.82650,0.62354
1678859491767,3.83160,0.62298
1678859551927,3.83160,0.62242
1678859611697,3.84380,0.62186
1678859671688,3.84380,0.62131
1678859731887,3.85140,0.62075
1678859791670,3.85910,0.62019
1678859851796,3.86160,0.61963
1678859911750,3.84400,0.61907
1678859971568,3.84400,0.61852
1678860031615,3.85170,0.61796
1678860092157,3.82610,0.61740
1678860151599,3.83370,0.61684
1678860211537,3.84750,0.61629
1678860271465,3.83740,0.61573
1678860331321,3.84670,0.61517
1678860391365,3.86200,0.61461
1678860451420,3.86390,0.61405
1678860511181,3.83090,0.61350
1678860571164,3.81990,0.61294
1678860631169,3.80160,0.61238
1678860691169,3.80910,0.61182
1678860751234,3.81930,0.61127
1678860811105,3.81900,0.61071
1678860871010,3.80640,0.61015
1678860931020,3.79890,0.60959
1678860990932,3.82580,0.60904
1678861051167,3.83190,0.60848
1678861110914,3.83000,0.60792
1678861170796,3.85010,0.60736
1678861230814,3.83990,0.60680
1678861290944,3.85940,0.60625
1678861350771,3.82490,0.60569
1678861410739,3.84090,0.60513
1678861470695,3.85090,0.60457
1678861530574,3.85340,0.60402
1678861590538,3.86620,0.60346
1678861650599,3.82680,0.60290
1678861710460,3.82680,0.60234
1678861770482,3.82680,0.60178
1678861830482,3.82420,0.60123
1678861890502,3.83190,0.60067
1678861950305,3.83950,0.60011
1678862010499,3.83990,0.59955
1678862070287,3.84750,0.59900
1678862130286,3.81710,0.59844
1678862190321,3.82320,0.59788
1678862250165,3.81390,0.59732
1678862310166,3.80890,0.59677
1678862370167,3.82160,0.59621
1678862430084,3.82730,0.59565
1678862490298,3.82930,0.59509
1678862550101,3.83090,0.59453
1678862609966,3.82580,0.59398
1678862670090,3.83090,0.59342
1678862729910,3.83900,0.59286
1678862789948,3.83380,0.59230
1678862849853,3.81050,0.59175
1678862909816,3.80550,0.59119
1678862970070,3.81740,0.59063
1678863029684,3.80520,0.59007
1678863089619,3.80520,0.58951
1678863149776,3.82320,0.58896
1678863209556,3.82820,0.58840
1678863269696,3.83370,0.58784
1678863329495,3.82350,0.58728
1678863389580,3.81350,0.58673
1678863449578,3.81100,0.58617
1678863509446,3.83280,0.58561
1678863569419,3.81760,0.58505
1678863629560,3.81900,0.58450
1678863689301,3.80890,0.58394
1678863749423,3.81990,0.58338
1678863809243,3.80730,0.58282
1678863869246,3.81370,0.58226
1678863929304,3.80870,0.58171
1678863989171,3.81190,0.58115
1678864049189,3.82970,0.58059
1678864109088,3.83130,0.58003
1678864169071,3.82630,0.57948
1678864229065,3.80530,0.57892
1678864289206,3.81780,0.57836
1678864349008,3.80640,0.57780
1678864408911,3.80640,0.57724
1678864468948,3.80890,0.57669
1678864528971,3.81900,0.57613
1678864589569,3.82450,0.57557
1678864648755,3.82260,0.57501
1678864708735,3.81510,0.57446
1678864768814,3.82010,0.57390
1678864828735,3.82450,0.57334
1678864863734,3.82160,0.57278
1678864923728,3.82160,0.57223
1678864983660,3.81900,0.57167
1678865043582,3.81900,0.57111
1678865103579,3.80640,0.57055
1678865163458,3.79410,0.56999
1678865223619,3.81000,0.56944
1678865283385,3.80590,0.56888
1678865343361,3.80940,0.56832
1678865403541,3.81690,0.56776
1678865463186,3.81190,0.56721
1678865523325,3.79680,0.56665
1678865583466,3.80640,0.56609
1678865643306,3.79630,0.56553
1678865703185,3.78060,0.56497
1678865763144,3.79560,0.56442
1678865823051,3.78810,0.56386
1678865883090,3.78810,0.56330
1678865943090,3.79450,0.56274
1678866003086,3.79450,0.56219
1678866062907,3.80410,0.56163
1678866122958,3.80410,0.56107
1678866183158,3.81990,0.56051
1678866242971,3.83000,0.55996
1678866302830,3.83420,0.55940
1678866362870,3.80250,0.55884
1678866422817,3.82020,0.55828
1678866483934,3.82190,0.55772
1678866542836,3.82840,0.55717
1678866602896,3.83850,0.55661
1678866662739,3.82320,0.55605
1678866722957,3.81160,0.55549
1678866782741,3.82430,0.55494
1678866842763,3.82750,0.55438
1678866903099,3.80730,0.55382
1678866962740,3.81740,0.55326
1678867022521,3.81740,0.55270
1678867082682,3.80730,0.55215
1678867142666,3.79500,0.55159
1678867262746,3.82260,0.55103
1678867322874,3.83190,0.55047
1678867382496,3.81920,0.54992
1678867442474,3.82060,0.54936
1678867502538,3.82060,0.54880
1678867562260,3.82130,0.54824
1678867622395,3.81370,0.54769
1678867682264,3.82640,0.54713
1678867742246,3.82390,0.54657
1678867802236,3.82180,0.54601
1678867862057,3.80780,0.54545
1678867922161,3.80520,0.54490
1678867982081,3.81620,0.54434
1678868041981,3.80370,0.54378
1678868101947,3.81120,0.54322
1678868161899,3.82890,0.54267
1678868221919,3.81620,0.54211
1678868282180,3.82010,0.54155
1678868342020,3.81510,0.54099
1678868401782,3.82680,0.54044
1678868461685,3.82680,0.53988
1678868521663,3.82680,0.53932
1678868581722,3.81190,0.53876
1678868641608,3.80840,0.53820
1678868701564,3.81370,0.53765
1678868761525,3.78540,0.53709
1678868821627,3.78540,0.53653
1678868881609,3.79110,0.53597
1678868941455,3.80960,0.53542
1678869001407,3.81600,0.53486
1678869061728,3.81850,0.53430
1678869121326,3.81850,0.53374
1678869181289,3.82870,0.53318
1678869241352,3.83370,0.53263
1678869301132,3.81710,0.53207
1678869361269,3.81510,0.53151
1678869421170,3.79380,0.53095
1678869481110,3.79380,0.53040
1678869541148,3.80550,0.52984
1678869601135,3.82060,0.52928
1678869660970,3.82320,0.52872
1678869721030,3.80870,0.52817
1678869780934,3.80130,0.52761
1678869840831,3.79380,0.52705
1678869900934,3.79130,0.52649
1678869960773,3.79840,0.52593
1678870020754,3.79840,0.52538
1678870080776,3.80590,0.52482
1678870140775,3.80590,0.52426
1678870200596,3.78380,0.52370
1678870260696,3.79130,0.52315
1678870320558,3.80640,0.52259
1678870380538,3.80390,0.52203
1678870440579,3.80390,0.52147
1678870500739,3.82060,0.52091
1678870560656,3.82820,0.52036
1678870620417,3.82350,0.51980
1678870680438,3.82350,0.51924
1678870740379,3.82870,0.51868
1678870800300,3.82030,0.51813
1678870860320,3.81780,0.51757
1678870920364,3.81160,0.51701
1678870980163,3.80680,0.51645
1678871040302,3.80180,0.51590
1678871100243,3.80180,0.51534
1678871160102,3.78630,0.51478
1678871220103,3.80130,0.51422
1678871280626,3.79970,0.51366
1678871340127,3.80230,0.51311
1678871400125,3.79970,0.51255
1678871459985,3.80550,0.51199
1678871519946,3.80390,0.51143
1678871579946,3.80960,0.51088
1678871639843,3.80460,0.51032
1678871699867,3.80520,0.50976
1678871759775,3.80020,0.50920
1678871819707,3.81030,0.50864
1678871879705,3.81280,0.50809
1678871939810,3.80570,0.50753
1678871999671,3.81580,0.50697
1678872060149,3.81580,0.50641
1678872119530,3.81190,0.50586
1678872179610,3.80520,0.50530
1678872239490,3.80780,0.50474
1678872299449,3.80020,0.50418
1678872359610,3.80820,0.50363
1678872419429,3.80820,0.50307
1678872479335,3.80820,0.50251
1678872539873,3.81970,0.50195
1678872599273,3.82130,0.50139
1678872659211,3.80550,0.50084
1678872719277,3.79790,0.50028
1678872779135,3.79790,0.49972
1678872839079,3.79790,0.49916
1678872899255,3.79040,0.49861
1678872959133,3.79040,0.49805
1678873019093,3.79150,0.49749
1678873078959,3.80160,0.49693
1678873138954,3.80160,0.49637
1678873198938,3.79910,0.49582
1678873258937,3.81320,0.49526
1678873318836,3.82090,0.49470
1678873378875,3.81390,0.49414
1678873438863,3.81390,0.49359
1678873498760,3.80270,0.49303
1678873558737,3.80360,0.49247
1678873618659,3.80360,0.49191
1678873678621,3.78790,0.49136
1678873738659,3.80290,0.49080
1678873798742,3.79150,0.49024
1678873858839,3.79910,0.48968
1678873918662,3.79150,0.48912
1678873978722,3.79150,0.48857
1678874038684,3.79910,0.48801
1678874098541,3.78900,0.48745
1678874158538,3.79730,0.48689
1678874218525,3.80980,0.48634
1678874278584,3.81480,0.48578
1678874338425,3.81480,0.48522
1678874398671,3.79240,0.48466
1678874458385,3.79240,0.48410
1678874518428,3.79240,0.48355
1678874578270,3.78670,0.48299
1678874638465,3.78670,0.48243
1678874698228,3.79150,0.48187
1678874758248,3.78900,0.48132
1678874818226,3.77100,0.48076
1678874878088,3.79430,0.48020
1678874938129,3.79930,0.47964
1678874998113,3.81670,0.47909
1678875058009,3.81670,0.47853
1678875118070,3.80680,0.47797
1678875177929,3.77670,0.47741
1678875237899,3.77170,0.47685
1678875297890,3.78520,0.47630
1678875358130,3.79160,0.47574
1678875418011,3.79080,0.47518
1678875477793,3.79520,0.47462
1678875538271,3.80020,0.47407
1678875598031,3.79060,0.47351
1678875657693,3.79060,0.47295
1678875717855,3.80500,0.47239
1678875777759,3.81000,0.47183
1678875837561,3.78990,0.47128
1678875897456,3.78240,0.47072
1678875957558,3.78420,0.47016
1678876017400,3.79010,0.46960
1678876077344,3.79130,0.46905
1678876137421,3.79130,0.46849
1678876197343,3.78240,0.46793
1678876258505,3.78100,0.46737
1678876317244,3.77600,0.46682
1678876377200,3.77600,0.46626
1678876437325,3.78310,0.46570
1678876497582,3.78220,0.46514
1678876557109,3.78540,0.46458
1678876617166,3.80360,0.46403
1678876677092,3.80360,0.46347
1678876737025,3.79720,0.46291
1678876797088,3.77760,0.46235
1678876856957,3.80940,0.46180
1678876916934,3.80940,0.46124
1678876977255,3.79680,0.46068
1678877036791,3.79680,0.46012
1678877096794,3.79200,0.45956
1678877156932,3.78630,0.45901
1678877216813,3.79470,0.45845
1678877276815,3.78580,0.45789
1678877336813,3.78080,0.45733
1678877396641,3.77580,0.45678
1678877456556,3.77920,0.45622
1678877516738,3.78920,0.45566
1678877576499,3.79170,0.45510
1678877636516,3.79540,0.45455
1678877696540,3.78790,0.45399
1678877756450,3.79110,0.45343
1678877816439,3.79240,0.45287
1678877876302,3.80000,0.45231
1678877936301,3.79490,0.45176
1678877996246,3.78170,0.45120
1678878056288,3.79290,0.45064
1678878116164,3.80290,0.45008
1678878176205,3.78790,0.44953
1678878236187,3.79430,0.44897
1678878296167,3.80750,0.44841
1678878356227,3.81510,0.44785
1678878416208,3.81000,0.44730
1678878476107,3.79750,0.44674
1678878536050,3.79750,0.44618
1678878595909,3.76210,0.44562
1678878655831,3.77140,0.44506
1678878715993,3.78140,0.44451
1678878775935,3.78140,0.44395
1678878835814,3.76880,0.44339
1678878895774,3.77490,0.44283
1678878955704,3.77990,0.44228
1678879015696,3.76500,0.44172
1678879075768,3.76500,0.44116
1678879135797,3.78870,0.44060
1678879195616,3.77280,0.44004
1678879255621,3.76790,0.43949
1678879315523,3.79030,0.43893
1678879375519,3.79190,0.43837
1678879435482,3.78850,0.43781
1678879495514,3.77350,0.43726
1678879555464,3.79420,0.43670
1678879615406,3.77980,0.43614
1678879675363,3.76340,0.43558
1678879735463,3.76500,0.43503
1678879795309,3.76000,0.43447
1678879855285,3.76750,0.43391
1678879915263,3.76750,0.43335
1678879975107,3.76870,0.43279
1678880035789,3.77190,0.43224
1678880095168,3.76950,0.43168
1678880154993,3.76950,0.43112
1678880215049,3.76950,0.43056
1678880274886,3.76950,0.43001
1678880334920,3.77530,0.42945
1678880394854,3.78990,0.42889
1678880454792,3.78400,0.42833
1678880514876,3.78400,0.42777
1678880574837,3.77440,0.42722
1678880634755,3.78680,0.42666
1678880694955,3.78030,0.42610
1678880754640,3.76560,0.42554
1678880814786,3.76270,0.42499
1678880874607,3.76600,0.42443
1678880934519,3.76600,0.42387
1678880969544,3.76600,0.42331
1678881030685,3.77230,0.42276
1678881089721,3.78420,0.42220
1678881149662,3.77920,0.42164
1678881209766,3.78970,0.42108
1678881269506,3.79970,0.42052
1678881329486,3.79970,0.41997
1678881389648,3.79220,0.41941
1678881449374,3.79220,0.41885
1678881509448,3.78580,0.41829
1678881569590,3.77040,0.41774
1678881629352,3.77400,0.41718
1678881689409,3.76160,0.41662
1678881751327,3.76210,0.41606
1678881809290,3.77200,0.41550
1678881869255,3.76710,0.41495
1678881929353,3.76960,0.41439
1678881989114,3.76460,0.41383
1678882049180,3.77200,0.41327
1678882109099,3.77200,0.41272
1678882169015,3.76990,0.41216
1678882229257,3.77330,0.41160
1678882289018,3.76590,0.41104
1678882348977,3.77880,0.41049
1678882408858,3.77880,0.40993
1678882468878,3.77420,0.40937
1678882529003,3.77170,0.40881
1678882588940,3.76800,0.40825
1678882648688,3.78040,0.40770
1678882708821,3.75760,0.40714
1678882768689,3.75520,0.40658
1678882828663,3.76110,0.40602
1678882888831,3.77710,0.40547
1678882948704,3.77120,0.40491
1678883008545,3.77370,0.40435
1678883068548,3.77780,0.40379
1678883128530,3.77280,0.40323
1678883188369,3.77030,0.40268
1678883248472,3.76550,0.40212
1678883308717,3.75910,0.40156
1678883368356,3.76990,0.40100
1678883428477,3.75840,0.40045
1678883488481,3.76080,0.39989
1678883548224,3.77080,0.39933
1678883608241,3.77910,0.39877
1678883668222,3.76910,0.39822
1678883728168,3.76660,0.39766
1678883788086,3.76500,0.39710
1678883848022,3.76990,0.39654
1678883908148,3.75500,0.39598
1678883967969,3.77300,0.39543
1678884027969,3.78280,0.39487
1678884088007,3.78940,0.39431
1678884147969,3.79600,0.39375
1678884207828,3.78350,0.39320
1678884268147,3.79100,0.39264
1678884327833,3.77350,0.39208
1678884387990,3.75910,0.39152
1678884447792,3.75910,0.39096
1678884507657,3.74940,0.39041
1678884567871,3.74780,0.38985
1678884627994,3.76010,0.38929
1678884687552,3.77940,0.38873
1678884747573,3.77940,0.38818
1678884807496,3.76500,0.38762
1678884867456,3.76940,0.38706
1678884927478,3.75390,0.38650
1678884987458,3.74890,0.38595
1678885047439,3.74890,0.38539
1678885107397,3.75390,0.38483
1678885168602,3.75710,0.38427
1678885227258,3.75120,0.38371
1678885287221,3.74700,0.38316
1678885347420,3.74700,0.38260
1678885407322,3.76190,0.38204
1678885467203,3.76190,0.38148
1678885527202,3.75840,0.38093
1678885587224,3.77080,0.38037
1678885647146,3.77330,0.37981
1678885707067,3.78560,0.37925
1678885767027,3.75820,0.37869
1678885826891,3.76460,0.37814
1678885886929,3.78360,0.37758
1678885946849,3.78680,0.37702
1678886006849,3.79010,0.37646
1678886066850,3.80010,0.37591
1678886126773,3.75920,0.37535
1678886186730,3.74800,0.37479
1678886246791,3.74310,0.37423
1678886306673,3.73830,0.37368
1678886366594,3.73830,0.37312
1678886426712,3.74080,0.37256
1678886486699,3.74890,0.37200
1678886546622,3.75390,0.37144
1678886606455,3.74960,0.37089
1678886666504,3.75270,0.37033
1678886726522,3.76110,0.36977
1678886786448,3.76110,0.36921
1678886846361,3.75500,0.36866
1678886906400,3.75500,0.36810
1678886966321,3.76990,0.36754
1678887026242,3.76240,0.36698
1678887086346,3.75260,0.36642
1678887146181,3.75260,0.36587
1678887206202,3.76990,0.36531
1678887266204,3.76000,0.36475
1678887326125,3.75040,0.36419
1678887386052,3.76030,0.36364
1678887446048,3.76280,0.36308
1678887505950,3.76280,0.36252
1678887565926,3.76850,0.36196
1678887626027,3.76350,0.36141
1678887685869,3.76350,0.36085
1678887745950,3.75850,0.36029
1678887805869,3.76600,0.35973
1678887865650,3.75960,0.35917
1678887925773,3.74720,0.35862
1678887985676,3.74470,0.35806
1678888045634,3.74000,0.35750
1678888105912,3.73270,0.35694
1678888165595,3.74210,0.35639
1678888225598,3.74950,0.35583
1678888285635,3.73990,0.35527
1678888346636,3.75230,0.35471
1678888405676,3.75980,0.35416
1678888465589,3.73150,0.35360
1678888525599,3.74860,0.35304
1678888585581,3.76350,0.35248
1678888645502,3.76350,0.35192
1678888705469,3.75300,0.35137
1678888765367,3.76000,0.35081
1678888825401,3.76750,0.35025
1678888885445,3.77240,0.34969
1678888945245,3.76990,0.34914
1678889005287,3.75500,0.34858
1678889065265,3.75500,0.34802
1678889125254,3.76500,0.34746
1678889185167,3.75500,0.34690
1678889245148,3.76440,0.34635
1678889365293,3.75370,0.34579
1678889425073,3.75370,0.34523
1678889484955,3.75370,0.34467
1678889544951,3.76660,0.34412
1678889604973,3.75910,0.34356
1678889664913,3.77660,0.34300
1678889724852,3.76120,0.34244
1678889784852,3.74980,0.34189
1678889844798,3.73500,0.34133
1678889904774,3.74500,0.34077
1678889964797,3.73760,0.34021
1678890024716,3.74410,0.33965
1678890084656,3.74190,0.33910
1678890144616,3.76620,0.33854
1678890204707,3.76620,0.33798
1678890264521,3.76620,0.33742
1678890324619,3.75710,0.33687
1678890384570,3.75710,0.33631
1678890444446,3.75780,0.33575
1678890504373,3.76760,0.33519
1678890564505,3.76270,0.33463
1678890624513,3.76430,0.33408
1678890684385,3.76750,0.33352
1678890744364,3.75500,0.33296
1678890804565,3.75140,0.33240
1678890924508,3.73690,0.33185
1678890984178,3.73190,0.33129
1678891044117,3.74180,0.33073
1678891104091,3.74180,0.33017
1678891164053,3.73190,0.32962
1678891224108,3.75780,0.32906
1678891284010,3.76750,0.32850
1678891344428,3.76240,0.32794
1678891403949,3.76240,0.32738
1678891463932,3.76430,0.32683
1678891523857,3.74660,0.32627
1678891583910,3.75070,0.32571
1678891643733,3.74430,0.32515
1678891703774,3.73930,0.32460
1678891763817,3.73930,0.32404
1678891823739,3.76120,0.32348
1678891883658,3.76280,0.32292
1678891943619,3.74790,0.32236
1678892003538,3.74790,0.32181
1678892063578,3.74300,0.32125
1678892123515,3.75040,0.32069
1678892183538,3.75040,0.32013
1678892243536,3.74540,0.31958
1678892303436,3.73430,0.31902
1678892363979,3.74660,0.31846
1678892423418,3.73210,0.31790
1678892483278,3.73210,0.31735
1678892543245,3.73710,0.31679
1678892603168,3.72890,0.31623
1678892663185,3.73210,0.31567
1678892723191,3.74350,0.31511
1678892783223,3.73370,0.31456
1678892843143,3.72540,0.31400
1678892903302,3.72540,0.31344
1678892962977,3.73190,0.31288
1678893022902,3.74180,0.31233
1678893083063,3.73530,0.31177
1678893143044,3.73530,0.31121
1678893202895,3.73830,0.31065
1678893262927,3.74480,0.31009
1678893322807,3.74640,0.30954
1678893382736,3.75390,0.30898
1678893442749,3.74640,0.30842
1678893502667,3.74890,0.30786
1678893562731,3.74320,0.30731
1678893622690,3.73840,0.30675
1678893682710,3.73350,0.30619
1678893742591,3.74090,0.30563
1678893802518,3.74410,0.30508
1678893862458,3.73920,0.30452
1678893922516,3.75620,0.30396
1678893982378,3.75120,0.30340
1678894042393,3.75120,0.30284
1678894102322,3.75120,0.30229
1678894162495,3.75870,0.30173
1678894222281,3.74880,0.30117
1678894282296,3.74300,0.30061
1678894342176,3.73340,0.30006
1678894402179,3.73340,0.29950
1678894462183,3.74150,0.29894
1678894522181,3.74150,0.29838
1678894582180,3.75140,0.29782
1678894642139,3.73860,0.29727
1678894701979,3.73860,0.29671
1678894762037,3.73860,0.29615
1678894821878,3.73210,0.29559
1678894881961,3.72730,0.29504
1678894941972,3.72410,0.29448
1678895001879,3.72730,0.29392
1678895061847,3.71670,0.29336
1678895121906,3.73030,0.29281
1678895181831,3.73530,0.29225
1678895241741,3.74640,0.29169
1678895301692,3.73530,0.29113
1678895421664,3.72960,0.29057
1678895481527,3.72960,0.29002
1678895542706,3.72960,0.28946
1678895601484,3.74190,0.28890
1678895661882,3.73210,0.28834
1678895721608,3.73120,0.28779
1678895781535,3.73270,0.28723
1678895841506,3.74000,0.28667
1678895901519,3.75210,0.28611
1678895961491,3.75460,0.28555
1678896021459,3.75460,0.28500
1678896081363,3.74470,0.28444
1678896141316,3.72630,0.28388
1678896201293,3.73210,0.28332
1678896261251,3.72390,0.28277
1678896321610,3.72630,0.28221
1678896381191,3.72890,0.28165
1678896441152,3.72970,0.28109
1678896501194,3.72810,0.28054
1678896561036,3.72810,0.27998
1678896621015,3.73300,0.27942
1678896681178,3.73050,0.27886
1678896741097,3.72410,0.27830
1678896800945,3.72410,0.27775
1678896861037,3.72410,0.27719
1678896920976,3.72650,0.27663
1678896980916,3.71910,0.27607
1678897040977,3.72410,0.27552
1678897100900,3.72410,0.27496
1678897160660,3.72410,0.27440
1678897220678,3.71910,0.27384
1678897280678,3.71910,0.27328
1678897315559,3.71910,0.27273
1678897375760,3.72550,0.27217
1678897435832,3.72550,0.27161
1678897495683,3.73210,0.27105
1678897555701,3.72470,0.27050
1678897615384,3.72470,0.26994
1678897675468,3.72470,0.26938
1678897738612,3.72470,0.26882
1678897795329,3.72630,0.26827
1678897855266,3.73210,0.26771
1678897915369,3.72470,0.26715
1678897975306,3.72570,0.26659
1678898035220,3.72070,0.26603
1678898095376,3.72810,0.26548
1678898155078,3.72960,0.26492
1678898215210,3.72960,0.26436
1678898275273,3.72710,0.26380
1678898335130,3.72960,0.26325
1678898395071,3.73700,0.26269
1678898454936,3.72870,0.26213
1678898514932,3.73030,0.26157
1678898574995,3.72490,0.26102
1678898634829,3.71750,0.26046
1678898694933,3.71750,0.25990
1678898754711,3.71750,0.25934
1678898814852,3.72980,0.25878
1678898874730,3.72980,0.25823
1678898934812,3.72570,0.25767
1678898994604,3.72070,0.25711
1678899054633,3.73300,0.25655
1678899114593,3.71600,0.25600
1678899174494,3.70640,0.25544
1678899234523,3.70890,0.25488
1678899294475,3.71380,0.25432
1678899354474,3.70880,0.25376
1678899414394,3.70880,0.25321
1678899474315,3.71610,0.25265
1678899534293,3.73210,0.25209
1678899594382,3.72550,0.25153
1678899654323,3.72310,0.25098
1678899714237,3.72630,0.25042
1678899774336,3.71190,0.24986
1678899834180,3.71190,0.24930
1678899869045,3.70940,0.24875
1678899929199,3.70940,0.24819
1678899989017,3.70150,0.24763
1678900048977,3.71990,0.24707
1678900109555,3.72470,0.24651
1678900168879,3.72630,0.24596
1678900229120,3.72630,0.24540
1678900288836,3.70540,0.24484
1678900348900,3.70540,0.24428
1678900408876,3.70540,0.24373
1678900468720,3.70380,0.24317
1678900528818,3.71120,0.24261
1678900588683,3.70700,0.24205
1678900648680,3.70860,0.24149
1678900708820,3.71110,0.24094
1678900768663,3.70560,0.24038
1678900828521,3.71290,0.23982
1678900888720,3.71290,0.23926
1678900948523,3.70810,0.23871
1678901008401,3.70810,0.23815
1678901068539,3.69670,0.23759
1678901128402,3.71110,0.23703
1678901188367,3.72500,0.23648
1678901248358,3.72500,0.23592
1678901308303,3.73130,0.23536
1678901368264,3.72390,0.23480
1678901428289,3.69830,0.23424
1678901488166,3.69510,0.23369
1678901548184,3.70480,0.23313
1678901608127,3.69590,0.23257
1678901668098,3.70410,0.23201
1678901728008,3.69920,0.23146
1678901788070,3.69920,0.23090
1678901847944,3.70240,0.23034
1678901907865,3.71350,0.22978
1678901967865,3.71110,0.22922
1678902027851,3.71990,0.22867
1678902087846,3.71510,0.22811
1678902147824,3.72980,0.22755
1678902207970,3.72980,0.22699
1678902267612,3.72980,0.22644
1678902327742,3.72250,0.22588
1678902387705,3.71990,0.22532
1678902447627,3.71190,0.22476
1678902507668,3.71430,0.22421
1678902567565,3.71670,0.22365
1678902627448,3.71350,0.22309
1678902687428,3.71050,0.22253
1678902747382,3.71050,0.22197
1678902807354,3.71050,0.22142
1678902868623,3.69590,0.22086
1678902927454,3.69030,0.22030
1678902987396,3.70000,0.21974
1678903047517,3.71280,0.21919
1678903107408,3.71030,0.21863
1678903167294,3.70960,0.21807
1678903287552,3.68950,0.21751
1678903347321,3.68950,0.21695
1678903407240,3.69910,0.21640
1678903467270,3.72250,0.21584
1678903527218,3.72090,0.21528
1678903587048,3.72410,0.21472
1678903647130,3.71670,0.21417
1678903707013,3.70960,0.21361
1678903767078,3.71210,0.21305
1678903826921,3.70890,0.21249
1678903886873,3.70400,0.21194
1678903947000,3.71030,0.21138
1678904006975,3.71510,0.21082
1678904066814,3.71350,0.21026
1678904126952,3.70860,0.20970
1678904186727,3.70380,0.20915
1678904246703,3.70860,0.20859
1678904306853,3.70860,0.20803
1678904366645,3.70780,0.20747
1678904426647,3.71770,0.20692
1678904486656,3.71270,0.20636
1678904546534,3.71770,0.20580
1678904606474,3.72250,0.20524
1678904666563,3.70890,0.20468
1678904726486,3.71130,0.20413
1678904786424,3.70890,0.20357
1678904846420,3.70640,0.20301
1678904906341,3.70400,0.20245
1678904966304,3.70400,0.20190
1678905026406,3.70400,0.20134
1678905086236,3.69840,0.20078
1678905146261,3.69840,0.20022
1678905206381,3.70070,0.19967
1678905266057,3.69830,0.19911
1678905326086,3.70480,0.19855
1678905386100,3.70480,0.19799
1678905446045,3.71370,0.19743
1678905505899,3.71860,0.19688
1678905566357,3.72190,0.19632
1678905625937,3.71700,0.19576
1678905685995,3.71700,0.19520
1678905745820,3.70960,0.19465
1678905805780,3.70640,0.19409
1678905865836,3.70000,0.19353
1678905925681,3.69840,0.19297
1678905985697,3.69840,0.19241
1678906045660,3.69030,0.19186
1678906105545,3.69280,0.19130
1678906165580,3.69280,0.19074
1678906225698,3.69030,0.19018
1678906286527,3.69670,0.18963
1678906345540,3.69690,0.18907
1678906405580,3.69690,0.18851
1678906465495,3.69200,0.18795
1678906525524,3.68950,0.18740
1678906585485,3.68460,0.18684
1678906645352,3.67910,0.18628
1678906705501,3.67910,0.18572
1678906765287,3.68470,0.18516
1678906825184,3.69200,0.18461
1678906885206,3.68710,0.18405
1678906945117,3.68710,0.18349
1678907005102,3.69200,0.18293
1678907065185,3.69510,0.18238
1678907124985,3.69510,0.18182
1678907185123,3.69030,0.18126
1678907245186,3.70250,0.18070
1678907304890,3.69510,0.18015
1678907364947,3.69510,0.17959
1678907424907,3.68780,0.17903
1678907484847,3.68780,0.17847
1678907544832,3.68640,0.17791
1678907604815,3.67600,0.17736
1678907664691,3.67600,0.17680
1678907724655,3.68250,0.17624
1678907784794,3.68000,0.17568
1678907844547,3.66550,0.17513
1678907904589,3.66870,0.17457
1678907964516,3.68400,0.17401
1678908024448,3.68400,0.17345
1678908084650,3.68400,0.17289
1678908144491,3.68720,0.17234
1678908205039,3.68720,0.17178
1678908264453,3.68720,0.17122
1678908324365,3.68480,0.17066
1678908384373,3.68800,0.17011
1678908444294,3.68310,0.16955
1678908504147,3.68630,0.16899
1678908564233,3.68480,0.16843
1678908624034,3.68480,0.16788
1678908684055,3.68480,0.16732
1678908744174,3.69930,0.16676
1678908803996,3.69200,0.16620
1678908863972,3.68470,0.16564
1678908924018,3.67980,0.16509
1678908983857,3.67830,0.16453
1678909043896,3.67740,0.16397
1678909103958,3.68230,0.16341
1678909164333,3.68230,0.16286
1678909225193,3.68230,0.16230
1678909283914,3.68230,0.16174
1678909343699,3.69680,0.16118
1678909403800,3.69440,0.16062
1678909463606,3.69190,0.16007
1678909523561,3.68710,0.15951
1678909583702,3.69360,0.15895
1678909643679,3.69610,0.15839
1678909703524,3.69610,0.15784
1678909763483,3.68480,0.15728
1678909823526,3.68160,0.15672
1678909883348,3.67840,0.15616
1678909943448,3.67840,0.15561
1678910003289,3.67030,0.15505
1678910063232,3.68150,0.15449
1678910123369,3.68060,0.15393
1678910184429,3.68870,0.15337
1678910243408,3.69600,0.15282
1678910303451,3.69600,0.15226
1678910366433,3.68640,0.15170
1678910423253,3.69130,0.15114
1678910483295,3.69130,0.15059
1678910543232,3.68390,0.15003
1678910603135,3.67750,0.14947
1678910663178,3.66460,0.14891
1678910723099,3.65990,0.14835
1678910783035,3.66950,0.14780
1678910843079,3.68800,0.14724
1678910902923,3.69290,0.14668
1678910963018,3.69290,0.14612
1678911022829,3.69290,0.14557
1678911082766,3.68550,0.14501
1678911142927,3.68550,0.14445
1678911202844,3.69290,0.14389
1678911262785,3.69290,0.14334
1678911323006,3.68800,0.14278
1678911382787,3.69040,0.14222
1678911442612,3.68800,0.14166
1678911502686,3.68400,0.14110
1678911562553,3.67670,0.14055
1678911622592,3.67510,0.13999
1678911682431,3.68240,0.13943
1678911742409,3.68240,0.13887
1678911802592,3.68240,0.13832
1678911862373,3.68730,0.13776
1678911922341,3.68240,0.13720
1678911982395,3.68240,0.13664
1678912042274,3.68240,0.13608
1678912102219,3.68870,0.13553
1678912162238,3.69360,0.13497
1678912222241,3.69610,0.13441
1678912282107,3.69610,0.13385
1678912342125,3.68480,0.13330
1678912402085,3.68640,0.13274
1678912462000,3.68230,0.13218
1678912522083,3.68230,0.13162
1678912581904,3.68960,0.13107
1678912642024,3.69200,0.13051
1678912701848,3.67740,0.12995
1678912761832,3.68710,0.12939
1678912821889,3.68230,0.12883
1678912881851,3.69190,0.12828
1678912941710,3.68550,0.12772
1678913001754,3.68800,0.12716
1678913061729,3.68800,0.12660
1678913121709,3.68320,0.12605
1678913181732,3.69450,0.12549
1678913241491,3.69450,0.12493
1678913301506,3.69450,0.12437
1678913361713,3.68070,0.12381
1678913421527,3.68070,0.12326
1678913481458,3.68320,0.12270
1678913541480,3.68800,0.12214
1678913601318,3.69210,0.12158
1678913661397,3.68230,0.12103
1678913721360,3.68230,0.12047
1678913781312,3.67990,0.11991
1678913841242,3.67990,0.11935
1678913901200,3.67990,0.11880
1678913961110,3.68320,0.11824
1678914021365,3.67190,0.11768
1678914081185,3.66710,0.11712
1678914141147,3.66950,0.11656
1678914201068,3.67190,0.11601
1678914260893,3.68400,0.11545
1678914321007,3.67920,0.11489
1678914380911,3.67680,0.11433
1678914440851,3.67740,0.11378
1678914501895,3.67260,0.11322
1678914560820,3.67990,0.11266
1678914620691,3.67360,0.11210
1678914680792,3.67360,0.11154
1678914740598,3.67920,0.11099
1678914800616,3.67680,0.11043
1678914860680,3.67520,0.10987
1678914920498,3.67760,0.10931
1678914980578,3.67760,0.10876
1678915040679,3.68730,0.10820
1678915100441,3.68240,0.10764
1678915160460,3.68000,0.10708
1678915220319,3.67190,0.10653
1678915280301,3.67360,0.10597
1678915340449,3.67360,0.10541
1678915400226,3.67360,0.10485
1678915460245,3.67680,0.10429
1678915520248,3.68160,0.10374
1678915580187,3.68640,0.10318
1678915641795,3.68730,0.10262
1678915700650,3.67840,0.10206
1678915760626,3.67840,0.10151
1678915820592,3.67600,0.10095
1678915880531,3.67350,0.10039
1678915940516,3.67350,0.09983
1678916000473,3.67350,0.09927
1678916060337,3.68320,0.09872
1678916120876,3.68320,0.09816
1678916180476,3.67840,0.09760
1678916240374,3.68160,0.09704
1678916300295,3.66790,0.09649
1678916360178,3.66790,0.09593
1678916421884,3.66790,0.09537
1678916480363,3.66550,0.09481
1678916540227,3.66550,0.09426
1678916600184,3.65990,0.09370
1678916660189,3.66550,0.09314
1678916719630,3.66800,0.09258
1678916780649,3.66800,0.09202
1678916840466,3.66070,0.09147
1678916900374,3.66070,0.09091
1678916961570,3.66070,0.09035
1678917020313,3.66870,0.08979
1678917080334,3.67840,0.08924
1678917140869,3.68320,0.08868
1678917200197,3.67360,0.08812
1678917260174,3.67280,0.08756
1678917320157,3.66150,0.08701
1678917380311,3.66390,0.08645
1678917439654,3.67200,0.08589
1678917500934,3.67440,0.08533
1678917561697,3.66640,0.08477
1678917620597,3.65910,0.08422
1678917680676,3.65670,0.08366
1678917740536,3.66390,0.08310
1678917800561,3.66230,0.08254
1678917860522,3.64950,0.08199
1678917920460,3.65680,0.08143
1678917980387,3.65910,0.08087
1678918040460,3.65430,0.08031
1678918100403,3.64880,0.07975
1678918160357,3.66080,0.07920
1678918220478,3.65590,0.07864
1678918280221,3.65750,0.07808
1678918339681,3.64950,0.07752
1678918400744,3.64950,0.07697
1678918460640,3.64950,0.07641
1678918520583,3.64950,0.07585
1678918580623,3.64790,0.07529
1678918640487,3.65750,0.07474
1678918700484,3.64630,0.07418
1678918760502,3.64630,0.07362
1678918820428,3.64150,0.07306
1678918880386,3.64150,0.07250
1678918940366,3.64150,0.07195
1678919000272,3.63030,0.07139
1678919060265,3.63750,0.07083
1678919121305,3.62790,0.07027
1678919180216,3.62790,0.06972
1678919240146,3.62790,0.06916
1678919300171,3.63030,0.06860
1678919360027,3.63510,0.06804
1678919420014,3.63510,0.06748
1678919480022,3.63510,0.06693
1678919540009,3.62790,0.06637
1678919599956,3.62790,0.06581
1678919660081,3.62870,0.06525
1678919719911,3.62870,0.06470
1678919779256,3.63350,0.06414
1678919840376,3.63350,0.06358
1678919900258,3.62400,0.06302
1678919960143,3.61680,0.06247
1678920021265,3.61200,0.06191
1678920080263,3.60950,0.06135
1678920140037,3.60950,0.06079
1678920200142,3.60480,0.06023
1678920260075,3.60950,0.05968
1678920320035,3.60720,0.05912
1678920379979,3.61190,0.05856
1678920439876,3.60720,0.05800
1678920499937,3.60720,0.05745
1678920559880,3.60240,0.05689
1678920619881,3.60240,0.05633
1678920679741,3.60240,0.05577
1678920739779,3.59660,0.05521
1678920799742,3.58390,0.05466
1678920859684,3.57440,0.05410
1678920919740,3.57440,0.05354
1678920979623,3.58150,0.05298
1678921039543,3.59090,0.05243
1678921099609,3.56870,0.05187
1678921159450,3.58060,0.05131
1678921219470,3.57410,0.05075
1678921279503,3.58310,0.05020
1678921339392,3.55520,0.04964
1678921399349,3.56060,0.04908
1678921459413,3.55600,0.04852
1678921519268,3.56300,0.04796
1678921579254,3.56300,0.04741
1678921639329,3.56300,0.04685
1678921700159,3.54010,0.04629
1678921762307,3.54010,0.04573
1678921819097,3.55180,0.04518
1678921879153,3.55030,0.04462
1678921939093,3.54330,0.04406
1678921998989,3.53070,0.04350
1678922120290,3.54900,0.04294
1678922180551,3.53500,0.04239
1678922239554,3.53030,0.04183
1678922299492,3.52290,0.04127
1678922359382,3.52290,0.04071
1678922419395,3.50990,0.04016
1678922479396,3.50300,0.03960
1678922539378,3.50300,0.03904
1678922599217,3.51460,0.03848
1678922659277,3.50980,0.03793
1678922719425,3.50980,0.03737
1678922779184,3.50280,0.03681
1678922839121,3.50550,0.03625
1678922899207,3.50710,0.03569
1678922959060,3.51870,0.03514
1678923019120,3.50640,0.03458
1678923078970,3.50170,0.03402
1678923139009,3.49480,0.03346
1678923199033,3.50400,0.03291
1678923258428,3.50400,0.03235
1678923319363,3.46700,0.03179
1678923379275,3.44880,0.03123
1678923439193,3.45790,0.03067
1678923499311,3.46020,0.03012
1678923559203,3.44310,0.02956
1678923619206,3.43310,0.02900
1678923679177,3.43760,0.02844
1678923739192,3.44320,0.02789
1678923799007,3.43640,0.02733
1678923859054,3.42960,0.02677
1678923918945,3.45900,0.02621
1678923978872,3.43260,0.02566
1678924038994,3.43730,0.02510
1678924098847,3.43510,0.02454
1678924158827,3.44640,0.02398
1678924218810,3.43520,0.02342
1678924278765,3.40470,0.02287
1678924338851,3.40470,0.02231
1678924398692,3.39340,0.02175
1678924458692,3.41360,0.02119
1678924519711,3.41880,0.02064
1678924579064,3.42560,0.02008
1678924638724,3.37070,0.01952
1678924698663,3.36620,0.01896
1678924759691,3.38090,0.01840
1678924818667,3.39370,0.01785
1678924878515,3.38920,0.01729
1678924938732,3.39760,0.01673
1678924998504,3.38640,0.01617
1678925058545,3.37520,0.01562
1678925118505,3.37040,0.01506
1678925173393,3.37260,0.01450
1678925233410,3.36600,0.01394
1678925293631,3.37050,0.01339
1678925353331,3.37110,0.01283
1678925413311,3.34630,0.01227
1678925472835,3.31870,0.01171
1678925533926,3.30770,0.01115
1678925593986,3.31710,0.01060
1678925653626,3.31490,0.01004
1678925713639,3.31240,0.00948
1678925773631,3.30440,0.00892
1678925833853,3.29630,0.00837
1678925893972,3.28590,0.00781
1678925953494,3.27680,0.00725
1678926014410,3.23070,0.00669
1678926074034,3.23230,0.00613
1678926134996,3.23650,0.00558
1678926194815,3.23880,0.00502
1678926254876,3.22480,0.00446
1678926314231,3.18790,0.00390
1678926375319,3.14930,0.00335
1678926435233,3.15540,0.00279
1678926498225,3.13010,0.00223
1678926555056,3.11560,0.00167
1678926615036,3.06570,0.00112
1678926675035,3.05860,0.00056
1678926735053,3.02890,0.00000